Workbook

Sheet Read Me
B2: Cedar Grove School — Content Calendar 2026–2027
B3: Instagram + Facebook · roughly 2–3 posts a week · built around the school calendar
B5: How to use this
B6: • The Calendar tab is the working sheet. One row per post, in date order, from the first day of school to the last.
B7: • Each row gives you the date, where it goes, which pillar it serves, the idea, a caption starter, and the photo you need.
B8: • Caption starters are openings, not finished captions — the last two lines should be yours.
B9: • Set the Status column to Drafted / Scheduled / Posted as you go. The counts on this page update themselves.
B10: • The Photo column is the important one. Read a fortnight ahead so you shoot what you'll need before the moment passes.
B12: The six pillars
B13: Pillar | C13: What it covers | D13: Why it earns its place | E13: Posts | F13: % of year
B14: Rhythm of the Day | C14: The ordinary shape of a day: morning gratitude, main lesson, outdoor time, handwork, home at 3:30. | D14: Parents want to picture their child inside your day. This is the pillar that does that. | E14: =COUNTIF(Calendar!$E$4:$E$97,$B14) -> 15 | F14: =IFERROR($E14/SUM($E$14:$E$19),0) -> 0.15957447
B15: Nature & Season | C15: The land itself — 700 acres of farm and forest — and how it changes through the year. | D15: Your single biggest differentiator, and the easiest content to shoot on any given day. | E15: =COUNTIF(Calendar!$E$4:$E$97,$B15) -> 15 | F15: =IFERROR($E15/SUM($E$14:$E$19),0) -> 0.15957447
B16: Festivals & Gatherings | C16: The eight festivals, the build-up to each, and the recap afterwards. | D16: Your highest-engagement posts. Festivals are visual, communal, and dated — plan around them. | E16: =COUNTIF(Calendar!$E$4:$E$97,$B16) -> 31 | F16: =IFERROR($E16/SUM($E$14:$E$19),0) -> 0.32978723
B17: Faces of Cedar Grove | C17: Teachers, families, testimonials, and the people who make the school. | D17: Trust is personal at this size. Faces convert better than facilities. | E17: =COUNTIF(Calendar!$E$4:$E$97,$B17) -> 13 | F17: =IFERROR($E17/SUM($E$14:$E$19),0) -> 0.13829787
B18: Why We Do This | C18: The reasoning behind a choice — mixed-age classes, no screens, two hours outside, mud. | D18: Answers the quiet objection a prospective parent has but won't email you about. | E18: =COUNTIF(Calendar!$E$4:$E$97,$B18) -> 8 | F18: =IFERROR($E18/SUM($E$14:$E$19),0) -> 0.085106383
B19: Come and See | C19: Tours, open houses, enrolment windows, programme explainers. | D19: The ask. Kept to roughly 1 in 8 posts so the feed never feels like advertising. | E19: =COUNTIF(Calendar!$E$4:$E$97,$B19) -> 12 | F19: =IFERROR($E19/SUM($E$14:$E$19),0) -> 0.12765957
B20: Total | E20: =SUM($E$14:$E$19) -> 94 | F20: =IFERROR($E20/$E20,0) -> 1
B22: Where it goes
B23: Channel | C23: Posts
B24: Instagram + Facebook | C24: =COUNTIF(Calendar!$D$4:$D$97,$B24) -> 70
B25: Instagram | C25: =COUNTIF(Calendar!$D$4:$D$97,$B25) -> 24
B26: Facebook | C26: =COUNTIF(Calendar!$D$4:$D$97,$B26) -> 0
B28: Progress
B29: Status | C29: Posts
B30: Not started | C30: =COUNTIF(Calendar!$J$4:$J$97,$B30) -> 94
B31: Drafted | C31: =COUNTIF(Calendar!$J$4:$J$97,$B31) -> 0
B32: Scheduled | C32: =COUNTIF(Calendar!$J$4:$J$97,$B32) -> 0
B33: Posted | C33: =COUNTIF(Calendar!$J$4:$J$97,$B33) -> 0
B36: Two things to fix in the school calendar PDF
B37: • The legend reads "First day of school: Monday, September 8th, 2026." September 8th 2026 is a Tuesday.
B38: • The legend reads "Last day of school: Friday, June 18th, 2026." That should be 2027. (June 18th 2027 is indeed a Friday.)
B39: • Every other date in the PDF checks out — no festival falls on a weekend.
B41: One post needs a person, not a plan
B42: September 30th is the National Day for Truth and Reconciliation. That post is flagged HOLD FOR REVIEW in the calendar and should be written or approved by Kerri (Kaya'tahente) Smart. Nothing generic.

Sheet Calendar
A1: Content Calendar — Cedar Grove School, 2026–2027
A2: One row per post. Caption starters are openings — finish them in your own voice.
A3: Date | B3: Day | C3: Week of | D3: Channel | E3: Pillar | F3: Post idea | G3: Caption starter | H3: Photo / asset needed | I3: School tie-in | J3: Status
A4: 46273 | B4: Tue | C4: 46272 | D4: Instagram + Facebook | E4: Rhythm of the Day | F4: First day of school | G4: Today the trail filled up again. Our first morning of the 2026–27 year began the way every morning does — with the walk down to the school. | H4: Children walking the winding trail, from behind | I4: First day of school | J4: Not started
A5: 46275 | B5: Thu | C5: 46272 | D5: Instagram + Facebook | E5: Why We Do This | F5: Why we walk down the trail | G5: There is a reason we ask families to park at the top and walk down. The trail is not an inconvenience; it is the first lesson of the day. | H5: The winding trail, morning light | I5: — | J5: Not started
A6: 46276 | B6: Fri | C6: 46272 | D6: Instagram | E6: Faces of Cedar Grove | F6: Meet the people who greet your children | G6: A short introduction to the faces your children will see each morning this year. | H6: Carousel: one portrait per teacher | I6: — | J6: Not started
A7: 46280 | B7: Tue | C7: 46279 | D7: Instagram + Facebook | E7: Nature & Season | F7: Two hours outside, minimum | G7: Even on the coldest months, the children are outdoors at least two hours a day. In September, it is most of it. | H7: Wide shot, children scattered across the wooded playground | I7: — | J7: Not started
A8: 46282 | B8: Thu | C8: 46279 | D8: Instagram + Facebook | E8: Rhythm of the Day | F8: Morning Gratitude | G8: We begin as a whole school — song, movement, and a moment of gratitude — before anyone opens a book. | H8: Morning circle, whole school | I8: — | J8: Not started
A9: 46287 | B9: Tue | C9: 46286 | D9: Instagram + Facebook | E9: Nature & Season | F9: First day of autumn | G9: The maples along the trail turned this week. The children noticed before we did. | H9: Close-up of turning leaves in a child's hand | I9: Autumn equinox | J9: Not started
A10: 46289 | B10: Thu | C10: 46286 | D10: Instagram | E10: Rhythm of the Day | F10: The work of the hands | G10: Beeswax warms in small palms until it is soft enough to become something. | H10: Hands modelling beeswax, close-up | I10: — | J10: Not started
A11: 46290 | B11: Fri | C11: 46286 | D11: Instagram + Facebook | E11: Festivals & Gatherings | F11: Festival of Courage — next week | G11: Our first festival of the year asks something of the children: to try the thing that feels a little too big. | H11: Last year's Festival of Courage | I11: Festival of Courage, Sep 29 | J11: Not started
A12: 46294 | B12: Tue | C12: 46293 | D12: Instagram + Facebook | E12: Festivals & Gatherings | F12: Festival of Courage | G12: Today the children did brave things. Small ones, mostly. That is how courage starts. | H12: Candid moments from the festival | I12: Festival of Courage | J12: Not started
A13: 46295 | B13: Wed | C13: 46293 | D13: Instagram + Facebook | E13: Why We Do This | F13: National Day for Truth and Reconciliation | G13: HOLD FOR REVIEW — this post should be written or approved by Kerri (Kaya'tahente) Smart, a Bear Clan woman from Tyendinaga Mohawk Territory. Do not post generic copy. | H13: To be decided with Kerri | I13: Truth and Reconciliation Day | J13: Not started
A14: 46297 | B14: Fri | C14: 46293 | D14: Instagram | E14: Festivals & Gatherings | F14: Festival of Courage — in pictures | G14: A few moments from Tuesday. | H14: Carousel, 6–8 photos | I14: Festival of Courage | J14: Not started
A15: 46301 | B15: Tue | C15: 46300 | D15: Instagram + Facebook | E15: Festivals & Gatherings | F15: Harvest Festival — Friday, families welcome | G15: Our first family gathering of the year. Friday 3:30–5pm, on the farm. Bring a jar for the apple pressing. | H15: Last year's harvest table | I15: Harvest Festival, Oct 9 | J15: Not started
... A97: 46556 | B97: Fri | C97: 46552 | D97: Instagram + Facebook | E97: Festivals & Gatherings | F97: Strawberry Festival & the last day | G97: That is the year. Thank you, all of you. See you in September. | H97: Festival + goodbye photographs | I97: Last day of school | J97: Not started

Sheet School Dates
A1: School Calendar 2026–2027 — verified
A2: Every date below was checked against the actual day of the week.
A4: Date | B4: Day | C4: Event | D4: Type | E4: Content?
A5: 46273 | B5: Tue | C5: First day of school | D5: Term | E5: Yes — first-day post
A6: 46294 | B6: Tue | C6: Festival of Courage | D6: Festival | E6: Yes — build-up, day-of, recap
A7: 46295 | B7: Wed | C7: National Day for Truth and Reconciliation | D7: Observance | E7: Yes — teacher-led, see note
A8: 46304 | B8: Fri | C8: Harvest Festival (families welcome) | D8: Festival | E8: Yes — invitation, day-of, recap
A9: 46307 | B9: Mon | C9: Thanksgiving — no school | D9: Holiday | E9: No
A10: 46321 | B10: Mon | C10: PA Day / Parent-Teacher Conferences | D10: PA Day | E10: Light — reminder only
A11: 46332 | B11: Fri | C11: Lantern Festival | D11: Festival | E11: Yes — build-up, day-of, recap
A12: 46337 | B12: Wed | C12: Remembrance Day | D12: Observance | E12: Yes — simple and restrained
A13: 46346 | B13: Fri | C13: PA Day | D13: PA Day | E13: Light — reminder only
A14: 46374 | B14: Fri | C14: Spiral Walk (families welcome) | D14: Festival | E14: Yes — build-up, day-of, recap
A15: 46377 | B15: Mon | C15: Winter Holidays begin | D15: Holiday | E15: Yes — sign-off post
A16: 46392 | B16: Tue | C16: First day back | D16: Term | E16: Yes
... A30: 46556 | B30: Fri | C30: Strawberry Festival & last day of school | D30: Festival | E30: Yes — build-up, day-of, farewell

Sheet Shot List
A1: What to photograph, and roughly when
A2: Shoot ahead. Most of these can only be got in one season.
A4: When | B4: Shot | C4: Why it matters
A5: September | B5: Children walking down the trail, shot from behind | C5: The single most Cedar Grove image you own. Get it in every season.
A6: September | B6: Morning Gratitude — the whole school in circle | C6: Anchors the 'rhythm' pillar all year.
A7: September | B7: Each teacher, portrait plus one candid at work | C7: Reused constantly. Worth an hour of someone's time.
A8: September | B8: First maples turning along the trail | C8: Two-week window.
A9: October | B9: Harvest Festival — apple pressing, the table, families | C9: Your first family-facing festival.
A10: October | B10: Boots, mittens and wool laid out flat | C10: Used again in December. Shoot once.
A11: November | B11: Lanterns being made, then lit at dusk | C11: The dusk shots are hard; take many.
A12: November | B12: Main lesson books, open, good light | C12: Sells the academics better than any sentence.
A13: December | B13: Spiral of evergreen, one candle, one child | C13: Low light — steady hands, high ISO.
A14: December | B14: Baking day: dough, flour, small hands | C14: Warm, tactile, always performs.
A15: January | B15: Winter forest, tracks in snow, bare trees | C15: Needed for the whole admissions push.
... A26: Any time | B26: Wide landscape of the farm and forest | C26: Have four of these, one per season, always ready.
